,Days,Avengers4,Avengers3,Avengers2,Avengers1,IronMan1,IronMan2,IronMan3,CaptainAmerica1,CaptainAmerica2,CaptainAmerica3,Thor1,Thor2,Thor3,Guardians1,Guardians2,AntMan1,AntMan2,CaptainMarvel,BlackPanther,DoctorStrange,SpiderMan,Hulk
0,1,"  $157,461,641","  $106,334,939","  $84,424,532","  $80,813,985","  $38,734,361","  $51,239,677","  $68,858,555","  $25,700,189","  $36,926,192","  $75,502,161","  $25,481,796","  $31,899,210","  $46,470,936","  $37,845,336","  $56,078,520","  $22,649,199","  $33,725,082","  $61,715,051","  $75,941,146","  $32,585,335","  $50,780,982","  $21,468,125"
1,2,"  $266,725,763","  $188,466,551","  $140,951,167","  $150,371,975","  $76,084,460","  $97,015,847","  $131,131,773","  $47,643,582","  $71,593,056","  $136,711,162","  $48,823,059","  $63,977,220","  $90,674,688","  $68,835,193","  $107,383,059","  $42,114,175","  $57,280,454","  $114,587,587","  $141,936,512","  $63,954,006","  $87,826,226","  $39,851,850"
2,3,"  $357,115,007","  $257,698,183","  $191,271,109","  $207,438,708","  $102,118,668","  $128,122,480","  $174,144,585","  $65,058,524","  $95,023,721","  $179,139,142","  $65,723,338","  $85,737,841","  $122,744,989","  $94,320,883","  $146,510,104","  $57,225,526","  $75,812,205","  $153,433,423","  $202,003,951","  $85,058,311","  $117,027,503","  $55,414,050"
3,4,"  $393,989,446","  $282,438,300","  $204,499,664","  $226,337,707","  $109,053,236","  $137,489,462","  $185,412,195","  $72,810,712","  $101,243,273","  $192,431,018","  $71,126,395","  $96,155,035","  $130,992,650","  $106,043,239","  $156,372,759","  $63,629,427","  $82,796,029","  $164,420,196","  $242,155,680","  $91,268,233","  $129,228,886","  $61,424,455"
4,5,"  $427,099,795","  $305,864,408","  $217,632,476","  $244,014,897","  $115,559,020","  $145,869,697","  $196,699,091","  $80,641,833","  $108,220,329","  $206,192,138","  $76,536,814","  $101,399,146","  $141,817,093","  $117,951,060","  $168,470,238","  $71,482,616","  $92,839,005","  $179,061,315","  $263,013,041","  $98,926,293","  $144,282,551","  $66,226,305"
5,6,"  $452,351,786","  $322,831,270","  $227,042,314","  $257,627,807","  $121,306,364","  $152,821,023","  $204,811,482","  $86,443,098","  $113,026,031","  $215,168,509","  $80,725,835","  $104,964,877","  $147,965,500","  $126,759,442","  $175,997,966","  $76,603,090","  $98,691,596","  $187,647,498","  $277,701,098","  $103,988,170","  $154,185,220","  $70,730,230"
6,7,"  $473,894,638","  $338,332,540","  $235,655,468","  $270,019,373","  $126,634,395","  $159,159,871","  $212,421,084","  $91,867,268","  $117,608,171","  $223,329,078","  $84,752,317","  $108,511,114","  $154,989,707","  $134,390,839","  $183,157,419","  $81,310,529","  $103,985,225","  $196,895,933","  $291,954,422","  $109,982,169","  $163,070,314","  $74,919,370"
7,8,"  $514,631,412","  $369,786,289","  $256,887,830","  $299,242,890","  $141,507,587","  $174,280,820","  $232,134,916","  $99,731,849","  $129,474,912","  $242,941,106","  $93,893,084","  $119,035,584","  $173,351,067","  $146,703,522","  $199,647,943","  $88,563,212","  $112,416,349","  $215,932,454","  $320,744,299","  $124,908,816","  $176,698,551","  $81,584,705"
8,9,"  $576,158,461","  $416,462,994","  $290,723,486","  $342,148,409","  $162,882,216","  $196,923,384","  $264,188,043","  $109,671,453","  $147,209,267","  $274,901,448","  $109,064,962","  $135,797,011","  $197,095,189","  $163,650,634","  $227,527,827","  $98,416,278","  $124,173,020","  $245,351,072","  $368,297,777","  $142,523,001","  $194,285,871","  $90,144,225"
9,10,"  $621,277,849","  $453,107,350","  $313,402,397","  $373,071,647","  $177,825,024","  $211,200,876","  $284,946,699","  $117,421,571","  $158,883,032","  $295,966,220","  $119,455,352","  $145,097,130","  $212,068,013","  $176,515,761","  $248,420,911","  $106,219,861","  $133,083,084","  $264,884,063","  $403,613,257","  $152,952,234","  $207,275,524","  $97,055,430"
10,11,"  $631,987,456","  $461,390,925","  $318,801,176","  $380,995,436","  $181,675,868","  $214,916,361","  $289,562,441","  $120,860,029","  $162,345,947","  $300,717,303","  $122,312,002","  $147,306,753","  $215,767,491","  $181,859,666","  $253,122,499","  $109,542,853","  $136,649,610","  $270,079,899","  $411,711,738","  $155,590,962","  $212,731,123","  $99,704,555"
11,12,"  $644,506,419","  $472,064,425","  $324,791,589","  $389,473,290","  $185,033,014","  $218,481,425","  $294,723,579","  $124,481,534","  $167,072,687","  $306,645,905","  $125,402,026","  $150,036,561","  $220,256,852","  $188,469,200","  $259,069,294","  $113,808,316","  $142,156,135","  $277,683,764","  $421,915,776","  $159,308,268","  $220,267,368","  $102,037,960"
12,13,"  $652,935,585","  $479,116,406","  $329,133,743","  $395,813,047","  $188,116,002","  $221,626,976","  $298,595,076","  $127,467,652","  $170,596,745","  $310,545,889","  $127,705,258","  $152,040,829","  $223,176,304","  $193,319,081","  $263,041,150","  $116,814,026","  $145,506,045","  $282,251,537","  $428,792,346","  $161,777,852","  $225,234,647","  $104,160,300"
13,14,"  $660,445,739","  $486,012,103","  $333,170,808","  $402,021,415","  $191,285,389","  $224,664,803","  $301,891,883","  $130,182,045","  $174,914,454","  $314,276,153","  $129,906,155","  $153,720,821","  $225,596,170","  $197,545,821","  $266,737,474","  $119,528,919","  $148,498,292","  $286,477,835","  $435,400,037","  $163,866,877","  $229,701,581","  $106,281,965"
14,15,"  $676,636,218","  $501,998,715","  $343,189,933","  $417,257,461","  $199,944,628","  $232,214,312","  $311,405,998","  $133,976,783","  $184,418,202","  $322,888,548","  $134,259,577","  $157,762,308","  $231,331,274","  $204,486,397","  $275,454,553","  $123,209,113","  $152,981,431","  $295,598,693","  $451,657,573","  $168,664,322","  $236,069,521","  $109,212,340"
15,16,"  $704,178,577","  $528,937,652","  $360,394,291","  $440,844,530","  $213,375,983","  $243,719,704","  $326,831,976","  $139,160,468","  $194,754,995","  $337,511,573","  $140,752,423","  $164,140,641","  $240,890,643","  $214,840,279","  $290,405,690","  $128,321,486","  $159,590,735","  $310,724,190","  $481,710,238","  $176,534,169","  $245,001,146","  $112,962,325"
16,17,"  $723,745,643","  $548,090,150","  $372,030,708","  $457,665,517","  $223,124,385","  $251,026,061","  $337,661,977","  $143,203,967","  $200,501,510","  $347,215,892","  $145,361,459","  $167,917,123","  $247,265,770","  $222,661,385","  $301,391,228","  $132,331,563","  $165,005,448","  $320,749,628","  $501,706,972","  $181,627,937","  $251,851,666","  $115,859,210"
17,18,"  $728,447,735","  $552,716,088","  $375,466,255","  $463,353,451","  $226,196,567","  $253,241,439","  $340,868,034","  $144,876,572","  $203,096,637","  $350,236,681","  $147,040,267","  $169,277,785","  $249,723,456","  $225,546,287","  $304,988,551","  $134,219,374","  $167,278,021","  $323,646,033","  $506,427,710","  $183,592,935","  $255,213,302","  $117,182,335"
18,19,"  $734,190,353","  $558,725,380","  $378,486,835","  $468,271,215","  $228,416,495","  $255,051,931","  $343,620,220","  $146,866,428","  $205,301,885","  $353,126,391","  $148,325,194","  $171,219,285","  $253,213,394","  $229,057,703","  $308,377,498","  $136,456,498","  $170,593,795","  $327,977,294","  $512,686,293","  $186,238,475","  $259,343,955","  $118,221,560"
19,20,"  $737,978,374","  $562,919,365","  $380,816,733","  $472,239,621","  $230,342,753","  $256,736,686","  $345,876,981","  $148,369,723","  $207,075,438","  $355,399,099","  $149,410,525","  $173,565,644","  $257,252,316","  $231,680,832","  $310,912,148","  $138,105,272","  $172,864,858","  $330,786,403","  $516,628,076","  $189,357,222","  $262,131,456","  $118,945,065"
20,21,"  $741,394,870","  $566,360,959","  $383,170,479","  $476,684,788","  $232,167,416","  $258,576,910","  $348,082,524","  $149,760,206","  $208,840,216","  $357,475,948","  $150,359,303","  $175,619,790","  $260,787,277","  $234,253,857","  $313,315,927","  $139,610,546","  $174,724,127","  $333,305,815","  $520,879,601","  $192,040,927","  $264,906,805","  $119,942,115"
21,22,"  $748,865,597","  $573,667,744","  $388,526,903","  $486,349,111","  $237,604,542","  $263,017,382","  $353,228,940","  $151,816,373","  $213,255,737","  $361,522,720","  $152,843,096","  $180,097,212","  $267,505,321","  $239,072,406","  $318,691,023","  $141,890,005","  $177,243,784","  $338,805,599","  $530,898,385","  $197,523,298","  $268,885,759","  $121,204,960"
22,23,"  $761,769,075","  $586,459,603","  $396,813,139","  $500,415,495","  $245,503,384","  $269,183,356","  $360,762,094","  $154,695,466","  $220,574,145","  $367,316,661","  $156,482,809","  $184,558,900","  $274,086,494","  $246,553,294","  $326,574,362","  $145,148,860","  $180,755,009","  $347,894,928","  $549,250,497","  $202,949,441","  $274,361,424","  $123,319,845"
23,24,"  $771,368,375","  $595,813,862","  $404,862,176","  $513,371,659","  $252,614,669","  $275,035,900","  $367,407,116","  $156,971,108","  $225,059,241","  $372,871,672","  $159,893,173","  $186,705,086","  $277,650,571","  $251,456,069","  $334,223,048","  $147,521,991","  $183,490,227","  $353,970,079","  $561,697,180","  $205,778,872","  $278,168,177","  $124,841,395"
24,25,"  $774,530,615","  $598,521,956","  $411,369,385","  $523,907,202","  $258,278,546","  $279,653,149","  $372,775,931","  $157,956,280","  $226,126,753","  $377,480,457","  $162,439,444","  $187,236,287","  $278,522,771","  $253,118,471","  $340,505,078","  $148,614,824","  $184,769,062","  $355,628,923","  $565,732,833","  $206,488,064","  $279,991,585","  $125,541,620"
25,26,"  $777,431,486","  $601,381,683","  $413,318,567","  $527,173,955","  $259,839,619","  $281,039,167","  $374,335,928","  $159,011,401","  $227,466,993","  $379,029,062","  $163,292,637","  $187,891,632","  $279,679,022","  $255,227,773","  $342,722,917","  $150,134,264","  $186,677,725","  $358,151,774","  $570,900,740","  $207,454,015","  $282,466,385","  $126,242,625"
26,27,"  $779,425,998","  $603,283,178","  $414,747,982","  $529,688,996","  $261,235,207","  $282,259,624","  $375,582,715","  $159,822,030","  $228,529,867","  $380,230,868","  $164,064,716","  $188,390,574","  $280,598,766","  $256,734,812","  $344,334,646","  $151,125,022","  $188,053,779","  $359,871,601","  $574,744,114","  $208,139,610","  $284,326,971","  $126,942,060"
27,28,"  $781,331,736","  $605,194,638","  $416,150,025","  $532,463,980","  $262,625,072","  $283,511,162","  $376,745,285","  $160,632,114","  $229,381,211","  $381,349,157","  $164,872,904","  $188,899,642","  $281,747,599","  $258,297,268","  $345,741,332","  $152,050,253","  $189,281,435","  $361,451,563","  $578,376,528","  $208,823,177","  $286,107,776","  $127,581,090"
28,29,"  $785,610,412","  $609,429,495","  $419,033,597","  $538,105,622","  $266,408,309","  $285,700,361","  $378,998,131","  $161,819,886","  $231,480,995","  $383,445,170","  $166,118,768","  $190,195,619","  $284,442,999","  $262,143,691","  $348,430,594","  $153,588,288","  $191,113,233","  $364,898,643","  $585,858,908","  $210,612,639","  $288,699,225","  $128,271,565"
29,30,"  $792,062,780","  $615,902,773","  $423,951,452","  $547,123,535","  $272,476,435","  $289,182,375","  $382,638,451","  $163,546,732","  $235,004,950","  $386,756,296","  $167,949,471","  $192,468,599","  $288,868,035","  $268,363,965","  $352,600,837","  $155,878,615","  $193,706,632","  $370,259,294","  $597,417,785","  $213,710,186","  $292,332,906","  $129,214,960"
30,31,"  $798,532,478","  $622,489,295","  $427,551,427","  $552,950,398","  $276,166,336","  $291,429,870","  $385,187,736","  $164,747,643","  $237,155,480","  $389,178,636","  $169,122,948","  $193,711,187","  $291,633,535","  $275,379,530","  $355,580,702","  $157,543,670","  $195,645,935","  $373,883,366","  $605,027,218","  $215,507,729","  $294,953,754","  $129,905,435"
31,32,"  $803,395,591","  $627,649,180","  $428,633,715","  $554,992,773","  $277,397,055","  $292,232,099","  $385,942,966","  $165,200,175","  $237,666,580","  $390,015,891","  $169,623,749","  $194,108,665","  $292,387,373","  $281,204,119","  $356,679,912","  $158,229,875","  $196,594,775","  $374,748,790","  $607,215,681","  $216,007,547","  $296,505,055","  $130,236,085"
32,33,"  $805,263,259","  $629,627,397","  $429,894,783","  $557,214,486","  $278,733,064","  $293,059,560","  $386,823,292","  $165,686,291","  $238,330,585","  $391,011,259","  $170,174,428","  $194,618,631","  $293,410,703","  $282,592,034","  $358,116,014","  $159,149,420","  $197,839,442","  $376,131,109","  $610,050,196","  $216,716,547","  $298,169,202","  $130,556,080"
33,34,"  $806,551,883","  $631,091,923","  $430,868,667","  $559,076,546","  $280,045,742","  $293,907,591","  $387,631,585","  $166,086,731","  $238,868,692","  $391,784,207","  $170,684,857","  $195,019,868","  $294,144,917","  $283,566,704","  $359,113,645","  $159,810,001","  $198,733,988","  $377,027,296","  $612,103,128","  $217,231,171","  $299,289,853","  $130,868,205"
34,35,"  $807,688,784","  $632,498,932","  $431,813,896","  $561,050,725","  $281,370,201","  $294,761,184","  $388,529,665","  $166,521,868","  $239,377,745","  $392,557,148","  $171,229,508","  $195,425,689","  $294,865,064","  $284,407,854","  $360,119,172","  $160,436,370","  $199,470,344","  $377,913,581","  $614,258,236","  $217,731,446","  $300,353,694","  $131,140,650"
35,36,"  $809,762,796","  $635,318,800","  $433,656,556","  $564,387,649","  $283,557,530","  $296,103,247","  $390,224,698","  $167,150,223","  $240,864,992","  $393,726,152","  $171,941,722","  $196,227,275","  $296,542,189","  $287,115,133","  $361,813,927","  $161,600,679","  $200,579,078","  $380,127,817","  $618,673,506","  $218,951,900","  $302,080,086","  $131,337,435"
36,37,"  $813,143,189","  $639,830,568","  $436,312,967","  $568,934,514","  $286,722,088","  $298,039,885","  $392,707,303","  $168,106,201","  $243,416,292","  $395,611,018","  $172,999,044","  $197,433,358","  $299,385,900","  $292,165,484","  $364,521,624","  $163,341,947","  $202,333,351","  $383,993,533","  $626,317,468","  $221,065,856","  $304,674,142","  $131,586,715"
37,38,"  $815,726,275","  $643,006,211","  $438,153,559","  $572,300,463","  $288,847,640","  $299,282,390","  $394,283,326","  $168,770,306","  $245,128,338","  $396,871,490","  $173,664,723","  $198,245,744","  $301,136,438","  $294,765,199","  $366,431,539","  $164,491,835","  $203,573,980","  $386,525,108","  $631,357,854","  $222,267,273","  $306,376,331","  $131,767,165"
38,39,"  $816,596,091","  $644,169,802","  $438,901,113","  $573,685,968","  $289,741,611","  $299,820,425","  $394,952,363","  $169,008,620","  $245,539,157","  $397,356,261","  $173,967,633","  $198,547,263","  $301,652,673","  $295,486,958","  $367,193,157","  $164,882,916","  $204,107,763","  $387,409,849","  $633,177,452","  $222,681,369","  $307,181,093","  $131,855,725"
39,40,"  $817,804,438","  $645,725,073","  $439,752,678","  $575,233,764","  $290,601,389","  $300,331,985","  $395,606,691","  $169,265,562","  $246,043,328","  $397,992,434","  $174,308,759","  $198,889,827","  $302,393,279","  $296,428,705","  $368,269,120","  $165,406,876","  $204,860,522","  $388,707,683","  $635,634,080","  $223,253,700","  $308,359,097","  $131,941,005"
40,41,"  $818,704,783","  $646,798,749","  $440,471,543","  $576,583,182","  $291,459,326","  $300,868,500","  $396,159,803","  $169,480,129","  $246,464,860","  $398,540,916","  $174,617,879","  $199,163,732","  $302,950,227","  $297,157,587","  $369,095,431","  $165,768,819","  $205,322,011","  $389,648,095","  $637,376,812","  $223,690,936","  $309,107,296","  $132,026,340"
41,42,"  $819,565,940","  $647,897,699","  $441,102,218","  $577,888,904","  $292,297,954","  $301,338,077","  $396,702,239","  $169,699,174","  $246,868,246","  $398,980,969","  $174,966,002","  $199,438,108","  $303,394,120","  $297,884,832","  $369,871,015","  $166,132,526","  $205,745,650","  $390,926,133","  $639,436,634","  $224,050,027","  $309,801,381","  $132,118,180"
42,43,"  $820,817,940","  $649,733,985","  $442,166,874","  $580,095,059","  $293,764,080","  $302,053,494","  $397,451,305","  $170,155,779","  $247,888,643","  $399,563,046","  $175,278,245","  $199,799,955","  $304,178,993","  $299,998,997","  $371,094,086","  $166,912,801","  $206,449,719","  $394,112,033","  $643,527,251","  $224,640,405","  $311,073,296","  $132,247,140"
43,44,"  $822,858,940","  $652,732,618","  $443,689,327","  $583,388,044","  $295,883,267","  $303,102,635","  $398,505,292","  $170,869,064","  $249,510,424","  $400,418,802","  $175,712,463","  $200,322,623","  $305,529,759","  $303,904,198","  $372,932,174","  $168,326,234","  $207,600,685","  $397,762,762","  $647,827,473","  $225,548,791","  $312,894,506","  $132,414,385"
44,45,"  $824,365,940","  $655,136,398","  $444,777,275","  $586,794,371","  $297,918,329","  $304,210,329","  $399,659,094","  $171,627,541","  $250,532,304","  $401,312,591","  $176,111,078","  $200,779,871","  $306,527,536","  $305,987,190","  $374,942,747","  $169,205,642","  $208,392,506","  $400,031,743","  $650,923,549","  $226,260,939","  $314,057,748","  $132,541,330"
45,46,"  $824,365,940","  $656,059,331","  $445,228,711","  $587,927,710","  $298,639,217","  $304,553,236","  $399,985,196","  $172,272,760","  $250,905,982","  $401,614,622","  $176,254,479","  $201,936,733","  $306,968,329","  $306,566,055","  $375,552,257","  $169,484,928","  $208,681,866","  $401,380,764","  $652,558,996","  $226,669,317","  $314,519,222","  $132,605,810"
46,47,"  $824,365,940","  $657,241,872","  $445,730,903","  $589,091,616","  $299,319,470","  $304,885,151","  $400,353,801","  $172,401,290","  $251,251,967","  $401,944,578","  $176,410,181","  $202,185,167","  $307,566,331","  $307,344,958","  $376,237,127","  $169,812,485","  $209,136,276","  $402,858,451","  $654,226,086","  $227,077,962","  $315,219,473","  $132,674,415"
47,48,"  $824,365,940","  $658,137,049","  $446,173,457","  $590,193,264","  $300,042,790","  $305,185,164","  $400,669,434","  $172,509,991","  $251,546,149","  $402,225,702","  $176,554,685","  $202,363,610","  $307,950,094","  $307,931,409","  $376,704,545","  $170,053,859","  $209,424,871","  $404,261,138","  $655,623,379","  $227,330,731","  $315,690,278","  $132,742,865"
48,49,"  $824,365,940","  $658,903,950","  $446,599,953","  $591,247,781","  $300,785,869","  $305,507,269","  $400,945,222","  $172,614,010","  $251,840,998","  $402,488,730","  $176,712,064","  $202,515,122","  $308,290,758","  $308,489,031","  $377,213,327","  $170,302,700","  $209,666,699","  $405,529,047","  $656,925,740","  $227,618,966","  $316,118,082","  $132,805,330"
49,50,"  $824,365,940","  $660,358,147","  $447,334,280","  $593,460,187","  $301,916,400","  $305,918,235","  $401,716,045","  $172,858,187","  $252,285,235","  $402,914,012","  $176,866,582","  $202,651,732","  $308,582,917","  $309,871,852","  $378,102,919","  $170,936,293","  $210,137,338","  $408,098,693","  $659,274,642","  $227,889,282","  $316,926,815","  $132,964,610"
50,51,"  $824,365,940","  $662,350,308","  $448,375,514","  $596,501,976","  $303,561,186","  $306,512,001","  $402,643,042","  $173,250,688","  $252,955,776","  $403,502,288","  $177,075,384","  $202,856,752","  $308,924,059","  $312,347,805","  $379,359,614","  $172,047,538","  $210,954,002","  $411,643,387","  $663,203,679","  $228,064,559","  $318,104,601","  $133,154,660"
51,52,"  $824,365,940","  $664,346,211","  $449,447,357","  $598,425,442","  $304,816,141","  $306,943,647","  $403,157,804","  $173,459,663","  $253,585,725","  $403,857,288","  $177,223,364","  $202,972,697","  $309,124,636","  $313,731,317","  $380,236,369","  $173,168,258","  $211,458,535","  $413,841,798","  $665,630,708","  $228,341,954","  $318,938,558","  $133,283,170"
52,53,"  $824,365,940","  $664,987,816","  $449,772,697","  $599,387,534","  $305,369,088","  $307,138,110","  $403,366,227","  $173,520,394","  $254,112,096","  $404,040,954","  $177,297,648","  $203,138,372","  $309,454,093","  $314,095,356","  $380,644,568","  $174,071,653","  $211,630,916","  $414,538,774","  $666,272,301","  $228,675,707","  $319,263,429","  $133,355,565"
53,54,"  $824,365,940","  $665,845,272","  $450,162,782","  $600,377,080","  $305,881,416","  $307,318,350","  $403,603,089","  $173,594,798","  $254,273,264","  $404,270,289","  $177,378,842","  $203,343,938","  $309,784,671","  $314,543,546","  $381,154,426","  $174,261,045","  $211,871,205","  $415,368,399","  $667,196,054","  $228,977,802","  $319,759,218","  $133,428,010"
54,55,"  $824,365,940","  $666,473,647","  $450,479,161","  $601,215,735","  $306,384,581","  $307,493,516","  $403,823,046","  $173,662,935","  $254,419,639","  $404,487,652","  $177,441,877","  $203,449,204","  $310,074,134","  $314,926,408","  $381,522,638","  $174,397,740","  $212,023,194","  $415,955,558","  $667,828,952","  $229,221,356","  $320,076,475","  $133,480,975"
55,56,"  $824,365,940","  $666,984,449","  $450,785,255","  $602,083,073","  $306,922,205","  $307,654,463","  $404,032,056","  $173,737,574","  $254,549,284","  $404,648,388","  $177,517,280","  $203,493,010","  $310,370,239","  $315,403,275","  $381,843,975","  $174,527,121","  $212,160,458","  $416,492,018","  $668,455,522","  $229,461,310","  $320,401,546","  $133,535,545"
56,57,"  $824,365,940","  $667,711,860","  $451,267,668","  $603,388,594","  $307,559,158","  $307,869,542","  $404,448,236","  $173,891,934","  $255,241,134","  $404,864,059","  $177,640,356","  $203,542,579","  $310,676,791","  $316,428,277","  $382,257,158","  $174,929,444","  $212,481,715","  $417,751,333","  $669,904,815","  $229,694,339","  $321,214,415","  $133,621,865"
57,58,"  $824,365,940","  $668,802,081","  $451,970,769","  $605,205,241","  $308,487,809","  $308,112,705","  $405,046,013","  $174,152,221","  $255,315,779","  $405,171,192","  $177,803,496","  $203,582,036","  $311,018,527","  $318,199,811","  $382,853,010","  $175,741,157","  $213,023,472","  $419,732,241","  $672,410,384","  $229,876,337","  $322,642,942","  $133,757,980"
58,59,"  $824,365,940","  $669,568,677","  $452,474,193","  $606,504,744","  $309,179,318","  $308,292,777","  $405,393,205","  $174,301,520","  $255,384,620","  $405,418,967","  $177,917,583","  $203,619,586","  $311,225,150","  $319,169,216","  $383,383,494","  $176,185,038","  $213,561,872","  $420,774,262","  $674,233,418","  $230,107,790","  $324,085,735","  $133,844,335"
59,60,"  $824,365,940","  $669,920,722","  $452,722,320","  $607,219,521","  $309,516,225","  $308,530,297","  $405,557,106","  $174,344,730","  $255,447,104","  $405,599,617","  $177,988,100","  $203,704,674","  $311,500,126","  $319,453,527","  $383,836,208","  $176,312,099","  $213,977,857","  $421,057,681","  $674,768,555","  $230,323,048","  $325,120,922","  $133,885,835"
60,61,"  $824,365,940","  $670,390,838","  $452,963,254","  $607,764,276","  $309,760,401","  $308,636,849","  $405,686,271","  $174,393,369","  $255,447,104","  $405,730,681","  $178,051,162","  $203,856,044","  $311,682,332","  $319,794,624","  $384,262,086","  $176,451,488","  $214,081,899","  $421,451,815","  $675,382,423","  $230,436,806","  $325,369,281","  $133,932,430"
61,62,"  $824,365,940","  $670,737,505","  $453,126,252","  $608,482,552","  $309,954,481","  $308,738,470","  $406,455,862","  $174,438,557","  $255,447,104","  $405,846,312","  $178,107,056","  $203,934,480","  $311,819,895","  $320,068,353","  $384,499,694","  $176,559,094","  $214,146,050","  $421,728,549","  $675,887,588","  $230,516,184","  $325,546,605","  $133,970,925"
62,63,"  $824,365,940","  $671,082,712","  $453,345,278","  $608,959,760","  $310,248,520","  $308,844,539","  $406,512,887","  $174,490,933","  $255,447,104","  $405,933,164","  $178,166,663","  $203,959,025","  $311,944,786","  $320,326,404","  $384,700,006","  $176,650,846","  $214,203,201","  $421,964,079","  $676,442,109","  $230,590,918","  $325,687,794","  $134,518,390"
63,64,"  $824,365,940","  $671,521,925","  $453,708,861","  $609,640,578","  $310,653,809","  $308,966,182","  $406,563,649","  $174,576,361","  $255,447,104","  $406,016,753","  $178,343,554","  $203,988,735","  $312,100,771","  $321,127,936","  $384,948,596","  $176,878,783","  $214,340,585","  $422,449,715","  $677,667,513","  $230,680,836","  $326,198,138","  $134,523,385"
64,65,"  $824,365,940","  $672,137,234","  $453,978,249","  $610,558,801","  $311,281,305","  $309,137,177","  $406,563,649","  $174,715,880","  $255,447,104","  $406,142,095","  $178,567,779","  $204,014,660","  $312,327,367","  $322,589,442","  $385,300,406","  $177,327,319","  $214,650,024","  $423,253,208","  $679,896,811","  $230,817,768","  $327,162,677","  $134,528,880"
65,66,"  $824,365,940","  $672,625,416","  $454,231,430","  $611,127,884","  $311,708,133","  $309,237,294","  $406,563,649","  $174,792,962","  $255,447,104","  $406,226,381","  $178,739,971","  $204,041,762","  $312,459,726","  $323,331,487","  $385,560,026","  $177,573,831","  $214,822,211","  $423,810,475","  $681,374,736","  $230,898,006","  $327,694,543","  $134,533,885"
66,67,"  $824,365,940","  $672,913,479","  $454,371,768","  $611,389,326","  $311,898,804","  $309,290,805","  $406,563,649","  $174,816,428","  $255,447,104","  $406,267,368","  $178,833,807","  $204,286,536","  $312,504,110","  $323,545,823","  $385,683,358","  $177,638,997","  $214,875,282","  $423,962,821","  $681,833,830","  $230,929,254","  $327,830,612","  $134,533,885"
67,68,"  $824,365,940","  $673,307,353","  $454,526,886","  $611,701,097","  $312,090,570","  $309,352,020","  $406,563,649","  $174,843,536","  $255,447,104","  $406,312,371","  $178,942,045","  $204,286,536","  $312,557,229","  $323,816,724","  $385,837,234","  $177,725,005","  $214,940,700","  $424,157,909","  $682,494,914","  $230,973,906","  $328,064,094","  $134,533,885"
68,69,"  $824,365,940","  $673,692,867","  $454,662,989","  $611,973,433","  $312,284,414","  $309,407,309","  $406,563,649","  $174,867,409","  $255,447,104","  $406,352,412","  $179,030,557","  $204,286,536","  $312,602,698","  $324,045,645","  $385,954,831","  $177,812,869","  $214,981,787","  $424,301,102","  $683,104,575","  $231,004,731","  $328,235,940","  $134,533,885"
69,70,"  $824,365,940","  $673,929,474","  $454,783,083","  $612,261,732","  $312,481,891","  $309,456,850","  $406,563,649","  $174,894,211","  $255,447,104","  $406,394,194","  $179,115,007","  $204,286,536","  $312,641,320","  $324,269,904","  $386,062,390","  $177,879,256","  $215,017,791","  $424,416,519","  $683,628,489","  $231,035,408","  $328,387,248","  $134,533,885"
70,71,"  $824,365,940","  $674,215,223","  $454,911,384","  $612,657,166","  $312,748,436","  $309,624,997","  $406,563,649","  $175,015,509","  $255,447,104","  $406,445,876","  $179,225,307","  $204,286,536","  $312,730,070","  $324,774,109","  $386,209,963","  $177,975,813","  $215,119,474","  $424,611,227","  $684,998,335","  $231,086,674","  $328,882,889","  $134,533,885"
71,72,"  $824,365,940","  $674,602,478","  $455,097,079","  $613,244,349","  $313,141,743","  $309,846,840","  $406,563,649","  $175,207,631","  $255,447,104","  $406,519,407","  $179,381,463","  $204,286,536","  $312,890,476","  $325,592,520","  $386,422,140","  $178,145,056","  $215,305,443","  $424,948,468","  $687,109,122","  $231,177,725","  $329,765,712","  $134,533,885"
72,73,"  $824,365,940","  $674,865,809","  $455,238,847","  $613,660,486","  $313,421,025","  $310,018,590","  $406,563,649","  $175,330,418","  $255,447,104","  $406,573,683","  $179,501,162","  $204,286,536","  $313,012,279","  $326,094,767","  $386,571,925","  $178,232,259","  $215,407,418","  $425,152,517","  $688,364,917","  $231,242,048","  $330,245,988","  $134,533,885"
73,74,"  $824,365,940","  $674,996,992","  $455,308,688","  $613,849,210","  $313,547,131","  $310,110,316","  $406,563,649","  $175,369,533","  $255,447,104","  $406,601,818","  $179,569,170","  $204,286,536","  $313,102,302","  $326,404,453","  $386,650,426","  $178,262,810","  $215,436,533","  $425,230,445","  $688,796,094","  $231,292,720","  $330,361,861","  $134,533,885"
74,75,"  $824,365,940","  $675,157,041","  $455,392,002","  $614,070,615","  $313,671,653","  $310,218,645","  $406,563,649","  $175,414,637","  $255,447,104","  $406,632,129","  $179,649,172","  $204,286,536","  $313,137,846","  $326,565,358","  $386,745,538","  $178,298,695","  $215,478,917","  $425,305,703","  $689,275,403","  $231,312,100","  $330,520,683","  $134,533,885"
75,76,"  $824,365,940","  $675,291,101","  $455,466,547","  $614,265,453","  $313,804,568","  $310,309,300","  $406,563,649","  $175,453,011","  $255,447,104","  $406,660,632","  $179,718,374","  $204,286,536","  $313,169,304","  $326,708,491","  $386,825,828","  $178,328,341","  $215,512,157","  $425,370,061","  $689,626,132","  $231,328,197","  $330,644,416","  $134,533,885"
76,77,"  $824,365,940","  $675,403,437","  $455,530,368","  $614,438,014","  $313,925,130","  $310,401,849","  $406,563,649","  $175,494,100","  $255,447,104","  $406,686,345","  $179,793,188","  $204,286,536","  $313,198,531","  $326,832,731","  $386,895,502","  $178,353,078","  $215,538,206","  $425,422,352","  $689,980,615","  $231,345,380","  $330,793,662","  $134,533,885"
77,78,"  $824,365,940","  $675,582,886","  $455,998,418","  $614,628,102","  $314,066,705","  $310,538,485","  $406,563,649","  $175,585,890","  $255,447,104","  $406,716,771","  $179,893,853","  $204,286,536","  $313,261,330","  $327,113,437","  $387,002,670","  $178,353,078","  $215,610,497","  $425,534,157","  $690,908,358","  $231,382,094","  $331,077,826","  $134,533,885"
78,79,"  $824,365,940","  $675,848,690","  $455,998,418","  $614,883,015","  $314,256,674","  $310,716,842","  $406,563,649","  $175,717,850","  $255,447,104","  $406,759,007","  $180,029,776","  $204,286,536","  $313,377,215","  $327,565,272","  $387,156,436","  $178,353,078","  $215,743,817","  $425,689,962","  $692,420,408","  $231,446,633","  $331,602,128","  $134,533,885"
79,80,"  $824,365,940","  $676,024,817","  $455,998,418","  $615,058,425","  $314,376,968","  $310,840,824","  $406,563,649","  $175,805,853","  $255,447,104","  $406,790,028","  $180,136,188","  $204,286,536","  $313,433,047","  $327,792,643","  $387,259,952","  $178,353,078","  $215,808,434","  $425,830,631","  $693,235,592","  $231,480,175","  $331,857,374","  $134,533,885"
80,81,"  $824,365,940","  $676,120,394","  $455,998,418","  $615,156,789","  $314,432,189","  $310,908,007","  $406,563,649","  $175,848,868","  $255,447,104","  $406,808,050","  $180,194,411","  $204,286,536","  $313,451,751","  $327,871,720","  $387,315,212","  $178,353,078","  $215,829,281","  $425,917,079","  $693,477,273","  $231,491,358","  $331,922,693","  $134,533,885"
81,82,"  $824,365,940","  $676,245,568","  $455,998,418","  $615,280,156","  $314,489,281","  $310,982,917","  $406,563,649","  $175,880,101","  $255,447,104","  $406,822,869","  $180,260,658","  $204,286,536","  $313,474,164","  $327,954,942","  $387,381,174","  $178,353,078","  $215,856,906","  $425,951,827","  $693,788,647","  $231,505,583","  $332,003,538","  $134,533,885"
82,83,"  $824,365,940","  $676,342,080","  $455,998,418","  $615,373,694","  $314,551,977","  $311,050,651","  $406,563,649","  $175,908,703","  $255,447,104","  $406,841,055","  $180,316,376","  $204,286,536","  $313,493,611","  $328,025,796","  $387,435,803","  $178,353,078","  $215,876,567","  $425,980,544","  $694,021,143","  $231,517,498","  $332,066,456","  $134,533,885"
83,84,"  $824,365,940","  $676,433,522","  $455,998,418","  $615,483,851","  $314,615,301","  $311,115,730","  $406,563,649","  $175,940,533","  $255,447,104","  $406,865,223","  $180,373,264","  $204,286,536","  $313,513,009","  $328,095,589","  $387,487,407","  $178,353,078","  $215,890,872","  $426,011,433","  $694,254,611","  $231,531,133","  $332,118,317","  $134,533,885"
84,85,"  $824,365,940","  $676,548,225","  $455,998,418","  $618,233,009","  $314,707,473","  $311,207,080","  $406,563,649","  $176,010,905","  $255,447,104","  $406,888,206","  $180,433,777","  $204,286,536","  $313,558,872","  $328,095,589","  $387,572,655","  $178,353,078","  $215,959,617","  $426,074,338","  $694,810,860","  $231,560,018","  $332,270,588","  $134,533,885"
85,86,"  $824,365,940","  $676,721,652","  $455,998,418","  $618,921,193","  $314,835,082","  $311,329,563","  $406,563,649","  $176,114,747","  $255,447,104","  $406,916,224","  $180,513,277","  $204,286,536","  $313,644,071","  $328,095,589","  $387,692,329","  $178,353,078","  $216,082,616","  $426,164,714","  $695,711,045","  $231,611,150","  $332,555,633","  $134,533,885"
86,87,"  $824,365,940","  $676,858,988","  $455,998,418","  $619,760,594","  $314,925,955","  $311,417,007","  $406,563,649","  $176,173,787","  $255,447,104","  $406,938,832","  $180,580,795","  $204,286,536","  $313,694,838","  $328,095,589","  $387,764,608","  $178,353,078","  $216,154,693","  $426,200,299","  $696,331,818","  $231,639,787","  $332,707,249","  $134,533,885"
87,88,"  $824,365,940","  $676,932,016","  $455,998,418","  $620,323,837","  $314,967,980","  $311,465,015","  $406,563,649","  $176,193,534","  $255,447,104","  $406,951,989","  $180,614,280","  $204,286,536","  $313,708,483","  $328,095,589","  $387,805,844","  $178,353,078","  $216,173,285","  $426,217,817","  $696,494,165","  $231,646,917","  $332,744,833","  $134,533,885"
88,89,"  $824,365,940","  $677,021,005","  $455,998,418","  $620,628,446","  $315,018,372","  $311,517,683","  $406,563,649","  $176,216,102","  $255,447,104","  $406,965,002","  $180,650,282","  $204,286,536","  $313,722,904","  $328,095,589","  $387,854,712","  $178,353,078","  $216,199,291","  $426,239,002","  $696,692,232","  $231,657,005","  $332,789,964","  $134,533,885"
89,90,"  $824,365,940","  $677,095,539","  $455,998,418","  $620,845,677","  $315,064,601","  $311,564,816","  $406,563,649","  $176,236,567","  $255,447,104","  $406,979,570","  $180,683,213","  $204,286,536","  $313,735,989","  $328,095,589","  $387,902,694","  $178,353,078","  $216,217,676","  $426,258,438","  $696,853,061","  $231,664,661","  $332,825,342","  $134,533,885"
